cluster,subscription_rate
1,0.2307133341407291
0,0.09157330735509012
