cluster,poutcome,share
0,unknown,1.0
1,failure,0.5935569819547051
1,other,0.22284122562674094
1,success,0.18299624560978564
1,unknown,0.0006055468087683178
