cluster,contact,share
0,cellular,0.588001298912161
0,unknown,0.35043567678735726
0,telephone,0.06156302430048168
1,cellular,0.9151023374106818
1,telephone,0.0764200072665617
1,unknown,0.008477655322756449
