cluster,month,share
0,may,0.30448665908967903
0,jul,0.17970990961736213
0,aug,0.1546787898468366
0,jun,0.13581750284137034
0,nov,0.07631108946257509
1,may,0.3044689354487102
1,nov,0.1392757660167131
1,apr,0.13540026644059586
1,feb,0.11190505026038512
1,aug,0.06430907109119535
