cluster,job,share
0,blue-collar,0.21959733723006983
0,management,0.20652703360935218
0,technician,0.1692644909887969
0,admin.,0.11046165503057856
0,services,0.09330519023651025
1,management,0.22114569456218966
1,blue-collar,0.19583383795567397
1,technician,0.1625287634734165
1,admin.,0.1318880949497396
1,services,0.08550320939808648
