cluster,marital,share
0,married,0.6080261947285814
0,single,0.27626238025653516
0,divorced,0.11571142501488337
1,married,0.5746639215211335
1,single,0.3125832626862056
1,divorced,0.11275281579266078
