cluster,education,share
0,secondary,0.5127455755804514
0,tertiary,0.28795258970612114
0,primary,0.15779076689938842
0,unknown,0.04151106781403908
1,secondary,0.5151992249000847
1,tertiary,0.3221509022647451
1,primary,0.12353154898873683
1,unknown,0.03911832384643333
