k,inertia,silhouette
2,125715.82224531384,0.32813373452005123
3,111805.4035488579,0.19736709193902577
4,107333.88336175412,0.14967227094835384
5,98470.15238445114,0.1926375151270329
6,98126.63106782713,0.15190710383421102
7,92907.30597162514,0.11222187627716936
8,85096.19752194105,0.13866835849346465
9,85236.28247450192,0.1330845935273659
10,79990.81569591427,0.11164332786101898
